Cancer Programme+Tumour syndromes	Adult_solid_tumours_cancer_susceptibility
Cancer Programme+Tumour syndromes	Childhood_solid_tumours_cancer_susceptibility
Cancer Programme+Tumour syndromes	Colorectal_cancer_pertinent_cancer_susceptibility
Cancer Programme+Tumour syndromes	Haematological_malignancies_cancer_susceptibility
Cancer Programme+Tumour syndromes	Head_and_neck_cancer_pertinent_cancer_susceptibility
Cancer Programme+Tumour syndromes	Neuroendocrine_cancer_pertinent_cancer_susceptibility
Cancer Programme+Tumour syndromes	Renal_cancer_pertinent_cancer_susceptibility
Cancer Programme+Tumour syndromes	Sarcoma_cancer_susceptibility
Cancer Programme+Tumour syndromes	Sarcoma_susceptibility
Cardiovascular disorders	Arrhythmogenic_right_ventricular_cardiomyopathy
Cardiovascular disorders	ClinGen_Familial_thoracic_aortic_aneurysm_and_aortic_dissection
Cardiovascular disorders	Dilated_and_arrhythmogenic_cardiomyopathy
Cardiovascular disorders	Dilated_Cardiomyopathy_and_conduction_defects
Cardiovascular disorders	Familial_cerebral_small_vessel_disease
Cardiovascular disorders	Familial_non_syndromic_congenital_heart_disease
Cardiovascular disorders	Hypertrophic_cardiomyopathy
Cardiovascular disorders	Long_QT_syndrome
Cardiovascular disorders	Paediatric_or_syndromic_cardiomyopathy
Cardiovascular disorders	Primary_lymphoedema
Cardiovascular disorders	Progressive_cardiac_conduction_disease
Cardiovascular disorders	Pulmonary_arterial_hypertension
Cardiovascular disorders	Thoracic_aortic_aneurysm_or_dissection_(GMS)
Cardiovascular disorders	Vascular_skin_disorders
Ciliopathies	Bardet_Biedl_syndrome
Ciliopathies	Neurological_ciliopathies
Ciliopathies	Ophthalmological_ciliopathies
Ciliopathies	Primary_ciliary_disorders
Ciliopathies	Rare_multisystem_ciliopathy_disorders
Ciliopathies	Renal_ciliopathies
Ciliopathies	Respiratory_ciliopathies_including_non-CF_bronchiectasis
Ciliopathies	Skeletal_ciliopathies
Dermatological disorders	Autosomal_recessive_congenital_ichthyosis
Dermatological disorders	Cutaneous_photosensitivity_with_a_likely_genetic_cause
Dermatological disorders	Ectodermal_dysplasia
Dermatological disorders	Ectodermal_dysplasia_without_a_known_gene_mutation
Dermatological disorders	Epidermolysis_bullosa
Dermatological disorders	Epidermolysis_bullosa_and_congenital_skin_fragility
Dermatological disorders	Ichthyosis_and_erythrokeratoderma
Dermatological disorders	Non-syndromic_hypotrichosis
Dermatological disorders	Palmoplantar_keratoderma_and_erythrokeratodermas
Dermatological disorders	Mosaic_skin_disorders_-_deep_sequencing
Dermatological disorders	Palmoplantar_keratodermas
Dermatological disorders	Pigmentary_skin_disorders
Dermatological disorders	Primary_immunodeficiency_or_monogenic_inflammatory_bowel_disease
Dysmorphic and congenital abnormality syndromes	Clefting
Dysmorphic and congenital abnormality syndromes	Fetal_anomalies
Dysmorphic and congenital abnormality syndromes	Fetal_hydrops
Dysmorphic and congenital abnormality syndromes	Laterality_disorders_and_isomerism
Dysmorphic and congenital abnormality syndromes	Radial_dysplasia
Dysmorphic and congenital abnormality syndromes	RASopathies
Dysmorphic and congenital abnormality syndromes	Severe_microcephaly
Dysmorphic and congenital abnormality syndromes	VACTERL-like_phenotypes
Dysmorphic and congenital abnormality syndromes	Vici_Syndrome_and_other_autophagy_disorders
Dysmorphic and congenital abnormality syndromes	Xeroderma_pigmentosum,_Trichothiodystrophy_or_Cockayne_syndrome
Endocrine disorders	Congenital_adrenal_hypoplasia
Endocrine disorders	Congenital_hyperinsulinism
Endocrine disorders	Congenital_hypothyroidism
Endocrine disorders	Diabetes_with_additional_phenotypes_suggestive_of_a_monogenic_aetiology
Endocrine disorders	Disorders_of_sex_development
Endocrine disorders	Familial_diabetes
Endocrine disorders	Familial_hyperparathyroidism_or_hypocalciuric_hypercalcaemia
Endocrine disorders	Hypogonadotropic_hypogonadism_(GMS)
Endocrine disorders	Insulin_resistance_(including_lipodystrophy)
Endocrine disorders	IUGR_and_IGF_abnormalities
Endocrine disorders	Lipodystrophy_-_childhood_onset
Endocrine disorders	Monogenic_diabetes
Endocrine disorders	Neonatal_diabetes
Endocrine disorders	Pituitary_hormone_deficiency
Endocrine disorders	Primary_ovarian_insufficiency
Endocrine disorders	Severe_early-onset_obesity
Gastroenterological disorders	Cholestasis
Gastroenterological disorders	Ductal_plate_malformation
Gastroenterological disorders	Familial_Hirschsprung_Disease
Gastroenterological disorders	Gastrointestinal_epithelial_barrier_disorders
Gastroenterological disorders	Gastrointestinal_neuromuscular_disorders
Gastroenterological disorders	Infantile_enterocolitis_&_monogenic_inflammatory_bowel_disease
Gastroenterological disorders	Intestinal_failure_or_congenital_diarrhoea
Gastroenterological disorders	Neonatal_cholestasis
Gastroenterological disorders	Non-syndromic_familial_congenital_anorectal_malformations
Gastroenterological disorders	Paediatric_pseudo-obstruction_syndrome
Growth disorders	Beckwith-Wiedemann_syndrome_(BWS)_and_other_congenital_overgrowth_disorders
Growth disorders	Growth_failure_in_early_childhood
Haematological and immunological disorders	Inherited_bleeding_disorders
Haematological and immunological disorders	Autoinflammatory_disorders
Haematological and immunological disorders	Bleeding_and_platelet_disorders
Haematological and immunological disorders	Confirmed_Fanconi_anaemia_or_Bloom_syndrome
Haematological and immunological disorders	Cytopenia_-_NOT_Fanconi_anaemia
Haematological and immunological disorders	Cytopenias_and_congenital_anaemias
Haematological and immunological disorders	Hereditary_Erythrocytosis
Haematological and immunological disorders	Rare_anaemia
Haematological and immunological disorders	Thrombophilia_with_a_likely_monogenic_cause
Ophthalmological disorders	Corneal_dystrophy
Hearing and ear disorders	Deafness_and_congenital_structural_abnormalities
Hearing and ear disorders	Monogenic_hearing_loss
Metabolic disorders	Congenital_disorders_of_glycosylation
Metabolic disorders	Hyperammonaemia
Metabolic disorders	Hypophosphataemia_or_rickets
Metabolic disorders	Iron_metabolism_disorders_-_NOT_common_HFE_mutations
Metabolic disorders	Ketotic_hypoglycaemia
Metabolic disorders	Likely_inborn_error_of_metabolism_-_targeted_testing_not_possible
Metabolic disorders	Lysosomal_storage_disorder
Metabolic disorders	Mitochondrial_disorders
Metabolic disorders	Mitochondrial_disorder_with_complex_I_deficiency
Metabolic disorders	Mitochondrial_disorder_with_complex_III_deficiency
Metabolic disorders	Mitochondrial_disorder_with_complex_IV_deficiency
Metabolic disorders	Mitochondrial_disorder_with_complex_V_deficiency
Metabolic disorders	Mitochondrial_DNA_maintenance_disorder
Metabolic disorders	Mucopolysaccharideosis,_Gaucher,_Fabry
Metabolic disorders	Peroxisomal_disorders
Metabolic disorders	Pyruvate_dehydrogenase_(PDH)_deficiency
Metabolic disorders	Undiagnosed_metabolic_disorders
Metabolic disorders	Glycogen_storage_disease
Neurology and neurodevelopmental disorders	Acute_rhabdomyolysis
Neurology and neurodevelopmental disorders	Adult_onset_dystonia,_chorea_or_related_movement_disorder
Neurology and neurodevelopmental disorders	Adult_onset_hereditary_spastic_paraplegia
Neurology and neurodevelopmental disorders	Adult_onset_leukodystrophy
Neurology and neurodevelopmental disorders	Adult_onset_neurodegenerative_disorder
Neurology and neurodevelopmental disorders	Arthrogryposis
Neurology and neurodevelopmental disorders	Ataxia_and_cerebellar_anomalies_-_narrow_panel
Neurology and neurodevelopmental disorders	Autism
Neurology and neurodevelopmental disorders	Brain_channelopathy
Neurology and neurodevelopmental disorders	Cerebellar_hypoplasia
Neurology and neurodevelopmental disorders	Cerebral_vascular_malformations
Neurology and neurodevelopmental disorders	Childhood_onset_dystonia,_chorea_or_related_movement_disorder
Neurology and neurodevelopmental disorders	Childhood_onset_hereditary_spastic_paraplegia
Neurology and neurodevelopmental disorders	Congenital_muscular_dystrophy
Neurology and neurodevelopmental disorders	Congenital_myaesthenic_syndrome
Neurology and neurodevelopmental disorders	Congenital_myopathy
Neurology and neurodevelopmental disorders	Distal_myopathies
Neurology and neurodevelopmental disorders	Early_onset_dementia_(encompassing_fronto-temporal_dementia_and_prion_disease)
Neurology and neurodevelopmental disorders	Early_onset_dystonia
Neurology and neurodevelopmental disorders	Early_onset_or_syndromic_epilepsy
Neurology and neurodevelopmental disorders	Familial_dysautonomia
Neurology and neurodevelopmental disorders	Hereditary_ataxia
Neurology and neurodevelopmental disorders	Hereditary_ataxia_with_onset_in_adulthood
Neurology and neurodevelopmental disorders	Hereditary_neuropathy
Neurology and neurodevelopmental disorders	Hereditary_neuropathy_or_pain_disorder
Neurology and neurodevelopmental disorders	Hereditary_spastic_paraplegia
Neurology and neurodevelopmental disorders	Holoprosencephaly_-_NOT_chromosomal
Neurology and neurodevelopmental disorders	Hydrocephalus
Neurology and neurodevelopmental disorders	Inherited_white_matter_disorders
Neurology and neurodevelopmental disorders	Intellectual_disability_-_microarray_and_sequencing
Neurology and neurodevelopmental disorders	Intracerebral_calcification_disorders
Neurology and neurodevelopmental disorders	Limb_girdle_muscular_dystrophies,_myofibrillar_myopathies_and_distal_myopathies
Neurology and neurodevelopmental disorders	Malformations_of_cortical_development
Neurology and neurodevelopmental disorders	Neuronal_ceroid_lipofuscinosis
Neurology and neurodevelopmental disorders	Neurotransmitter_disorders
Neurology and neurodevelopmental disorders	Paediatric_motor_neuronopathies
Neurology and neurodevelopmental disorders	Pain_syndromes
Neurology and neurodevelopmental disorders	Parkinson_Disease_and_Complex_Parkinsonism
Neurology and neurodevelopmental disorders	Paroxysmal_central_nervous_system_disorders
Neurology and neurodevelopmental disorders	Rhabdomyolysis_and_metabolic_muscle_disorders
Neurology and neurodevelopmental disorders	Skeletal_Muscle_Channelopathies
Neurology and neurodevelopmental disorders	Structural_basal_ganglia_disorders
Neurology and neurodevelopmental disorders	White_matter_disorders_and_cerebral_calcification_-_narrow_panel
Neurology and neurodevelopmental disorders	Hereditary_systemic_amyloidosis
Dermatological disorders	Rare_genetic_inflammatory_skin_disorders
Ophthalmological disorders	Structural_eye_disease
Ophthalmological disorders	Albinism_or_congenital_nystagmus
Ophthalmological disorders	Anophthalmia_or_microphthalmia
Ophthalmological disorders	Bilateral_congenital_or_childhood_onset_cataracts
Ophthalmological disorders	Corneal_abnormalities
Ophthalmological disorders	Glaucoma_(developmental)
Ophthalmological disorders	Infantile_nystagmus
Ophthalmological disorders	Ocular_and_oculo-cutaneous_albinism
Ophthalmological disorders	Ocular_coloboma
Ophthalmological disorders	Optic_neuropathy
Ophthalmological disorders	Retinal_disorders
Renal and urinary tract disorders	Atypical_haemolytic_uraemic_syndrome
Renal and urinary tract disorders	CAKUT
Renal and urinary tract disorders	Cystic_kidney_disease
Renal and urinary tract disorders	Extreme_early-onset_hypertension
Renal and urinary tract disorders	Nephrocalcinosis_or_nephrolithiasis
Renal and urinary tract disorders	Polycystic_liver_disease
Renal and urinary tract disorders	Proteinuric_renal_disease
Renal and urinary tract disorders	Renal_tubulopathies
Renal and urinary tract disorders	Tubulointerstitial_kidney_disease
Renal and urinary tract disorders	Unexplained_kidney_failure_in_young_people
Renal and urinary tract disorders	Unexplained_young_onset_end-stage_renal_disease
Respiratory disorders	Familial_pulmonary_fibrosis
Respiratory disorders	Pneumothorax_-_familial
Respiratory disorders	Pulmonary_fibrosis_familial
Rheumatological disorders	Ehlers_Danlos_syndrome_with_a_likely_monogenic_cause
Rheumatological disorders	Periodic_fever_syndromes
Skeletal disorders	Amelogenesis_imperfecta
Skeletal disorders	Choanal_atresia
Skeletal disorders	Limb_disorders
Skeletal disorders	Osteogenesis_imperfecta
Skeletal disorders	Osteopetrosis
Skeletal disorders	Rare_syndromic_craniosynostosis_or_isolated_multisuture_synostosis
Skeletal disorders	Skeletal_dysplasia
Skeletal disorders	Stickler_syndrome
Skeletal disorders	Thoracic_dystrophies
Cancer Programme+Tumour syndromes	Adult_solid_tumours_for_rare_disease
Cancer Programme+Tumour syndromes	Childhood_solid_tumours
Cancer Programme+Tumour syndromes	Endocrine_neoplasia
Cancer Programme+Tumour syndromes	Familial_breast_cancer
Cancer Programme+Tumour syndromes	Familial_rhabdomyosarcoma
Cancer Programme+Tumour syndromes	Familial_Tumours_Syndromes_of_the_central_&_peripheral_Nervous_system
Cancer Programme+Tumour syndromes	GI_tract_tumours
Cancer Programme+Tumour syndromes	Haematological_malignancies_for_rare_disease
Cancer Programme+Tumour syndromes	Inherited_ovarian_cancer_(without_breast_cancer)
Cancer Programme+Tumour syndromes	Inherited_pancreatic_cancer
Cancer Programme+Tumour syndromes	Inherited_phaeochromocytoma_and_paraganglioma
Cancer Programme+Tumour syndromes	Inherited_phaeochromocytoma_and_paraganglioma_excluding_NF1
Cancer Programme+Tumour syndromes	Inherited_predisposition_to_acute_myeloid_leukaemia_(AML)
Cancer Programme+Tumour syndromes	Inherited_renal_cancer
Cancer Programme+Tumour syndromes	Multiple_endocrine_tumours
Cancer Programme+Tumour syndromes	Neurofibromatosis_Type_1
